{
  "HTTP Request - Resize" : {
    "transaction" : "HTTP Request - Resize",
    "sampleCount" : 200,
    "errorCount" : 100,
    "errorPct" : 50.0,
    "meanResTime" : 34746.575,
    "medianResTime" : 38108.0,
    "minResTime" : 577.0,
    "maxResTime" : 56150.0,
    "pct1ResTime" : 55205.0,
    "pct2ResTime" : 55377.55,
    "pct3ResTime" : 55584.83,
    "throughput" : 1.0709562032460682,
    "receivedKBytesPerSec" : 2.825671924615393,
    "sentKBytesPerSec" : 3.257840403429202
  },
  "Total" : {
    "transaction" : "Total",
    "sampleCount" : 600,
    "errorCount" : 308,
    "errorPct" : 51.333332,
    "meanResTime" : 30867.78833333341,
    "medianResTime" : 32530.5,
    "minResTime" : 546.0,
    "maxResTime" : 56150.0,
    "pct1ResTime" : 53589.799999999996,
    "pct2ResTime" : 54998.79999999999,
    "pct3ResTime" : 55514.2,
    "throughput" : 2.823449690832259,
    "receivedKBytesPerSec" : 10.990305494315455,
    "sentKBytesPerSec" : 28.0800895033552
  },
  "HTTP Request - Filter" : {
    "transaction" : "HTTP Request - Filter",
    "sampleCount" : 200,
    "errorCount" : 104,
    "errorPct" : 52.0,
    "meanResTime" : 29808.879999999976,
    "medianResTime" : 31969.0,
    "minResTime" : 546.0,
    "maxResTime" : 52662.0,
    "pct1ResTime" : 51493.9,
    "pct2ResTime" : 51831.549999999996,
    "pct3ResTime" : 52505.170000000006,
    "throughput" : 1.290838916211646,
    "receivedKBytesPerSec" : 1.1878176169661414,
    "sentKBytesPerSec" : 3.9267218984367944
  },
  "HTTP Request - Composite" : {
    "transaction" : "HTTP Request - Composite",
    "sampleCount" : 200,
    "errorCount" : 104,
    "errorPct" : 52.0,
    "meanResTime" : 28047.90999999999,
    "medianResTime" : 32628.5,
    "minResTime" : 594.0,
    "maxResTime" : 51403.0,
    "pct1ResTime" : 49977.7,
    "pct2ResTime" : 50571.049999999996,
    "pct3ResTime" : 51197.73,
    "throughput" : 1.2166042143169984,
    "receivedKBytesPerSec" : 9.877465857143292,
    "sentKBytesPerSec" : 28.8967262701348
  }
}