{
  "HTTP Request - Resize" : {
    "transaction" : "HTTP Request - Resize",
    "sampleCount" : 200,
    "errorCount" : 0,
    "errorPct" : 0.0,
    "meanResTime" : 4735.614999999998,
    "medianResTime" : 4002.5,
    "minResTime" : 2016.0,
    "maxResTime" : 8658.0,
    "pct1ResTime" : 7724.0,
    "pct2ResTime" : 8201.35,
    "pct3ResTime" : 8564.34,
    "throughput" : 12.571500408573762,
    "receivedKBytesPerSec" : 168.7157352952731,
    "sentKBytesPerSec" : 38.25468288390219
  },
  "Total" : {
    "transaction" : "Total",
    "sampleCount" : 600,
    "errorCount" : 2,
    "errorPct" : 0.33333334,
    "meanResTime" : 2763.2966666666675,
    "medianResTime" : 2342.5,
    "minResTime" : 27.0,
    "maxResTime" : 8658.0,
    "pct1ResTime" : 6670.3,
    "pct2ResTime" : 7406.299999999999,
    "pct3ResTime" : 8371.82,
    "throughput" : 34.15689399977229,
    "receivedKBytesPerSec" : 357.42654488785155,
    "sentKBytesPerSec" : 339.734341198907
  },
  "HTTP Request - Filter" : {
    "transaction" : "HTTP Request - Filter",
    "sampleCount" : 200,
    "errorCount" : 2,
    "errorPct" : 1.0,
    "meanResTime" : 2078.954999999999,
    "medianResTime" : 2184.0,
    "minResTime" : 27.0,
    "maxResTime" : 2914.0,
    "pct1ResTime" : 2672.8,
    "pct2ResTime" : 2735.1,
    "pct3ResTime" : 2889.99,
    "throughput" : 17.771459036786922,
    "receivedKBytesPerSec" : 26.417603602052605,
    "sentKBytesPerSec" : 54.0779944908477
  },
  "HTTP Request - Composite" : {
    "transaction" : "HTTP Request - Composite",
    "sampleCount" : 200,
    "errorCount" : 0,
    "errorPct" : 0.0,
    "meanResTime" : 1475.3199999999997,
    "medianResTime" : 1959.0,
    "minResTime" : 162.0,
    "maxResTime" : 2846.0,
    "pct1ResTime" : 2405.3,
    "pct2ResTime" : 2475.3999999999996,
    "pct3ResTime" : 2740.91,
    "throughput" : 17.334026694401107,
    "receivedKBytesPerSec" : 285.7646337103484,
    "sentKBytesPerSec" : 411.7339172733576
  }
}